{"uid": "AQNEMNZNHT", "lr": 0.001, "weight_decay": 0.0001, "batch_size": 32, "num_epochs": 10, "dropout": 0.1}{"phonemes": 1000, "number": 1000, "speakers": [["Vladimir", "Maria", "Mikhail", "Anna"], ["Galina", "Victoria", "Petr", "Alexander"]]}{"loss": 1.1123305958192222, "accuracy_ordered": 0.6116900175131349, "accuracy_unordered": 0.6126970227670753, "accuracy_ordered_flex_centre": 0.9121716287215411, "accuracy_centre_flexible": 0.9598073555166374, "accuracy_start": 0.9466287215411558, "accuracy_centre": 0.6415499124343258, "accuracy_centre_flex": 0.9137915936952714, "accuracy_end": 0.9427758318739055, "mean_average_precision_centre": 0.6789889725491752}