{"uid": "BTUICGJSKZ", "lr": 0.001, "weight_decay": 0.0001, "batch_size": 32, "num_epochs": 10, "dropout": 0.1}{"phonemes": 1, "number": 1, "speakers": [["Vladimir"], ["Galina"]]}{"loss": 3.1913764476776123, "accuracy_ordered": 0.3333333333333333, "accuracy_unordered": 0.3333333333333333, "accuracy_ordered_flex_centre": 0.3333333333333333, "accuracy_centre_flexible": 0.3333333333333333, "accuracy_start": 0.3333333333333333, "accuracy_centre": 0.3333333333333333, "accuracy_centre_flex": 0.3333333333333333, "accuracy_end": 0.6666666666666666, "mean_average_precision_centre": 0.611111111111111}