{"uid": "HKXPFQCHZA", "lr": 0.001, "weight_decay": 0.0001, "batch_size": 32, "num_epochs": 20, "dropout": 0.1}{"phonemes": 1000, "number": 1000, "speakers": [["Vladimir", "Maria", "Mikhail", "Anna"], ["Galina", "Victoria", "Petr", "Alexander"]]}{"loss": 5.24318525951486, "accuracy_ordered": 0.29138685930701713, "accuracy_unordered": 0.29161368369682517, "accuracy_ordered_flex_centre": 0.39589104181129586, "accuracy_centre_flexible": 0.5067600541629149, "accuracy_start": 0.7545485163622867, "accuracy_centre": 0.3733735660230811, "accuracy_centre_flex": 0.5345700990466502, "accuracy_end": 0.6829269969138136, "mean_average_precision_centre": 0.48003878148357515}