{"uid": "KXBUVSLLBA", "lr": 0.001, "weight_decay": 0.0001, "batch_size": 32, "num_epochs": 10, "dropout": 0.1}{"phonemes": 1000, "number": 1000, "speakers": [["Vladimir", "Maria", "Mikhail", "Anna"], ["Galina", "Victoria", "Petr", "Alexander"]]}{"loss": 2.265119144551824, "accuracy_ordered": 0.4946823268288172, "accuracy_unordered": 0.49530123996044645, "accuracy_ordered_flex_centre": 0.7018830609878423, "accuracy_centre_flexible": 0.878991811850408, "accuracy_start": 0.847711799898982, "accuracy_centre": 0.616572644039582, "accuracy_centre_flex": 0.7135783849924237, "accuracy_end": 0.8139205657008302, "mean_average_precision_centre": 0.6414583802518559}