{"uid": "ORPMKZIEVB", "lr": 0.001, "weight_decay": 0.0001, "batch_size": 32, "num_epochs": 10, "dropout": 0.1}{"phonemes": 1000, "number": 1000, "speakers": [["Vladimir", "Maria", "Mikhail", "Anna"], ["Galina", "Victoria", "Petr", "Alexander"]]}{"loss": 1.9830480698800208, "accuracy_ordered": 0.5258168696796316, "accuracy_unordered": 0.5265843982376747, "accuracy_ordered_flex_centre": 0.7574111361416239, "accuracy_centre_flexible": 0.8986862303383106, "accuracy_start": 0.8644464823269074, "accuracy_centre": 0.6199437810250992, "accuracy_centre_flex": 0.7677976914335839, "accuracy_end": 0.8743246745479556, "mean_average_precision_centre": 0.6456092526154983}