{"uid": "QCFYRNZLZP", "lr": 0.001, "weight_decay": 0.0001, "batch_size": 32, "num_epochs": 20, "dropout": 0.1}{"phonemes": 1000, "number": 1000, "speakers": [["Vladimir", "Maria", "Mikhail", "Anna"], ["Galina", "Victoria", "Petr", "Alexander"]]}{"loss": 4.453064203264107, "accuracy_ordered": 0.35322463183509, "accuracy_unordered": 0.35447183543889793, "accuracy_ordered_flex_centre": 0.3963447340534553, "accuracy_centre_flexible": 0.8681147601749574, "accuracy_start": 0.6651607191916725, "accuracy_centre": 0.6915220680903394, "accuracy_centre_flex": 0.3982591479767828, "accuracy_end": 0.6173788664401931, "mean_average_precision_centre": 0.7398969841253819}