{"uid": "RGCAIQYZHB", "lr": 0.001, "weight_decay": 0.0001, "batch_size": 32, "num_epochs": 20, "dropout": 0.1}{"phonemes": 1000, "number": 1000, "speakers": [["Vladimir", "Maria", "Mikhail", "Anna"], ["Galina", "Victoria", "Petr", "Alexander"]]}{"loss": 4.212007771834578, "accuracy_ordered": 0.3266539575494863, "accuracy_unordered": 0.3272223876383857, "accuracy_ordered_flex_centre": 0.3688685921108091, "accuracy_centre_flexible": 0.8158131837111912, "accuracy_start": 0.6320053208149818, "accuracy_centre": 0.6542746329372369, "accuracy_centre_flex": 0.3722366370593217, "accuracy_end": 0.5933288735417062, "mean_average_precision_centre": 0.69932773708368}