{"uid": "VACXUXVEXO", "lr": 0.001, "weight_decay": 0.0001, "batch_size": 32, "num_epochs": 20, "dropout": 0.1}{"phonemes": 1000, "number": 1000, "speakers": [["Vladimir", "Maria", "Mikhail", "Anna"], ["Galina", "Victoria", "Petr", "Alexander"]]}{"loss": 3.7854514215573607, "accuracy_ordered": 0.36185911832299084, "accuracy_unordered": 0.36233445116500157, "accuracy_ordered_flex_centre": 0.4141413700924064, "accuracy_centre_flexible": 0.853597484660704, "accuracy_start": 0.6772097526088796, "accuracy_centre": 0.6847845521187198, "accuracy_centre_flex": 0.4165093125989368, "accuracy_end": 0.6205710099296594, "mean_average_precision_centre": 0.7397492190524864}