{"uid": "VDPZONSBZN", "lr": 0.001, "weight_decay": 0.0001, "batch_size": 32, "num_epochs": 10, "dropout": 0.1}{"phonemes": 1000, "number": 1000, "speakers": [["Vladimir", "Maria", "Mikhail", "Anna"], ["Galina", "Victoria", "Petr", "Alexander"]]}{"loss": 3.666334541835385, "accuracy_ordered": 0.36825648785720827, "accuracy_unordered": 0.3684483653347172, "accuracy_ordered_flex_centre": 0.420447161739631, "accuracy_centre_flexible": 0.8564930902303838, "accuracy_start": 0.6806853514628477, "accuracy_centre": 0.6884433067466738, "accuracy_centre_flex": 0.4218208300445243, "accuracy_end": 0.6232878205771151, "mean_average_precision_centre": 0.7482364010978526}