{"uid": "VQLDZZVRXI", "lr": 0.001, "weight_decay": 0.0001, "batch_size": 32, "num_epochs": 10, "dropout": 0.1}{"phonemes": 100, "number": 100, "speakers": [["Vladimir", "Maria", "Mikhail", "Anna"], ["Galina", "Victoria", "Petr", "Alexander"]]}{"loss": 3.697615397210215, "accuracy_ordered": 0.31567653730611245, "accuracy_unordered": 0.31622831218196307, "accuracy_ordered_flex_centre": 0.4325915026669119, "accuracy_centre_flexible": 0.7594261541291153, "accuracy_start": 0.7165716387713813, "accuracy_centre": 0.5449696523818283, "accuracy_centre_flex": 0.46048678805713933, "accuracy_end": 0.6214211268469131, "mean_average_precision_centre": 0.5405272863745894}