{"uid": "ZZEOPEYVPI", "lr": 0.001, "weight_decay": 0.0001, "batch_size": 32, "num_epochs": 10, "dropout": 0.1}{"phonemes": 10000, "number": 10000, "speakers": [["Vladimir", "Maria", "Mikhail", "Anna"], ["Galina", "Victoria", "Petr", "Alexander"]]}{"loss": 1.9814753707395394, "accuracy_ordered": 0.48141156000697743, "accuracy_unordered": 0.4818884980646472, "accuracy_ordered_flex_centre": 0.7725137947709041, "accuracy_centre_flexible": 0.9286226867952191, "accuracy_start": 0.8738366354669688, "accuracy_centre": 0.5765231657205188, "accuracy_centre_flex": 0.775377631163486, "accuracy_end": 0.8658214264422408, "mean_average_precision_centre": 0.5771429932145584}